-- Initial categories
INSERT INTO category (id, title, meta_title, slug, content) VALUES
(1,
 'Home & Living',
 'Home & Living Products',
 'home-living',
 'Products for improving comfort and convenience at home, including bedding and decor.'),
(2,
 'Electronics & Gadgets',
 'Electronics and Smart Gadgets',
 'electronics-gadgets',
 'Electronic devices, accessories and smart home products.'),
(3,
 'Kitchen & Dining',
 'Kitchen and Dining Products',
 'kitchen-dining',
 'Kitchenware, cookware and dining-related appliances.'),
(4,
 'Sports & Fitness',
 'Sports and Fitness Gear',
 'sports-fitness',
 'Equipment and accessories for sports, exercise and healthy lifestyle.');

-- Initial sub-categories
INSERT INTO sub_category (id, description, categoryid) VALUES
(1, 'Bedding', 1),
(2, 'Lighting', 2),
(3, 'Audio Devices', 2),
(4, 'Gaming Accessories', 2),
(5, 'Kitchen Tools', 3),
(6, 'Drinkware & Bottles', 4),
(7, 'Yoga Gear', 4),
(8, 'Workout Equipment', 4),
(9, 'Smart Home Devices', 2),
(10, 'Coffee & Tea Appliances', 3);

INSERT INTO product (id, title, summary, created_at, updated_at, content, categoryid, subcategoryid) VALUES
(1,
 'UltraSoft Pillow',
 'Luxurious pillow made with premium down feathers.',
 '2022-06-15 09:00:00',
 '2022-06-15 09:00:00',
 'A luxurious pillow made with the finest down feathers, designed to provide maximum neck and head support for a restful sleep.',
 1,
 1),
(2,
 'EcoSmart LED Bulb',
 'Energy-saving LED bulb with long lifespan.',
 '2023-03-10 10:30:00',
 '2023-03-10 10:30:00',
 'An energy-saving LED bulb with a lifespan of up to 25,000 hours, suitable for both home and office environments.',
 2,
 2),
(3,
 'ProGaming Mouse',
 'Ergonomic gaming mouse with RGB.',
 '2023-01-22 14:15:00',
 '2023-01-22 14:15:00',
 'Ergonomic gaming mouse with customizable RGB lighting, programmable buttons and high-precision sensor for competitive play.',
 2,
 4),
(4,
 'SteelChef Knife Set',
 'Stainless steel kitchen knife set.',
 '2022-09-12 08:45:00',
 '2022-09-12 08:45:00',
 'A set of stainless steel knives with ergonomic handles, ideal for everyday cooking and professional food preparation.',
 3,
 5),
(5,
 'HydroMate Water Bottle',
 'Durable BPA-free bottle with time markers.',
 '2023-04-05 11:00:00',
 '2023-04-05 11:00:00',
 'A durable, BPA-free water bottle with hourly time markers to help you track your daily water intake.',
 4,
 6),
(6,
 'SoundWave Bluetooth Speaker',
 'Portable speaker with deep bass.',
 '2023-02-18 16:20:00',
 '2023-02-18 16:20:00',
 'Portable Bluetooth speaker offering high-definition sound, deep bass and long-lasting battery life.',
 2,
 3),
(7,
 'FlexiYoga Mat',
 'Non-slip eco-friendly yoga mat.',
 '2022-11-23 07:30:00',
 '2022-11-23 07:30:00',
 'Non-slip yoga mat made from eco-friendly materials, providing excellent grip and cushioning for all types of exercises.',
 4,
 7),
(8,
 'ProFit Resistance Bands',
 'Set of five workout resistance bands.',
 '2023-05-01 12:10:00',
 '2023-05-01 12:10:00',
 'A complete set of five resistance bands with varying strength levels, perfect for home workouts and physical therapy.',
 4,
 8),
(9,
 'SmartTherm Thermostat',
 'Smart thermostat that learns your schedule.',
 '2022-08-30 18:00:00',
 '2022-08-30 18:00:00',
 'Smart thermostat that learns your schedule to optimize energy use and maintain a comfortable temperature automatically.',
 2,
 9),
(10,
 'PureBrew Coffee Maker',
 'Automatic coffee maker with presets.',
 '2023-03-25 06:50:00',
 '2023-03-25 06:50:00',
 'Automatic coffee maker with programmable settings, allowing you to schedule your brew and adjust strength and size.',
 3,
 10);
